student_id,gender,race_ethnicity,parent_education,lunch,test_preparation,math,reading,writing,total,average,percentage,grade
Student-001,female,group B,bachelor's degree,standard,none,72,72,74,218,72.67,72.67,C
Student-002,female,group C,some college,standard,completed,69,90,88,247,82.33,82.33,B
Student-003,female,group B,master's degree,standard,none,90,95,93,278,92.67,92.67,A
Student-004,male,group A,associate's degree,free/reduced,none,47,57,44,148,49.33,49.33,F
Student-005,male,group C,some college,standard,none,76,78,75,229,76.33,76.33,C
Student-006,female,group B,associate's degree,standard,none,71,83,78,232,77.33,77.33,C
Student-007,female,group B,some college,standard,completed,88,95,92,275,91.67,91.67,A
Student-008,male,group B,some college,free/reduced,none,40,43,39,122,40.67,40.67,F
Student-009,male,group D,high school,free/reduced,completed,64,64,67,195,65.00,65.00,D
Student-010,female,group B,high school,free/reduced,none,38,60,50,148,49.33,49.33,F
Student-011,male,group C,associate's degree,standard,none,58,54,52,164,54.67,54.67,E
Student-012,male,group D,associate's degree,standard,none,40,52,43,135,45.00,45.00,F
Student-013,female,group B,high school,standard,none,65,81,73,219,73.00,73.00,C
Student-014,male,group A,some college,standard,completed,78,72,70,220,73.33,73.33,C
Student-015,female,group A,master's degree,standard,none,50,53,58,161,53.67,53.67,E
Student-016,female,group C,some high school,standard,none,69,75,78,222,74.00,74.00,C
Student-017,male,group C,high school,standard,none,88,89,86,263,87.67,87.67,B
Student-018,female,group B,some high school,free/reduced,none,18,32,28,78,26.00,26.00,F
Student-019,male,group C,master's degree,free/reduced,completed,46,42,46,134,44.67,44.67,F
Student-020,female,group C,associate's degree,free/reduced,none,54,58,61,173,57.67,57.67,E
Student-021,male,group D,high school,standard,none,66,69,63,198,66.00,66.00,D
Student-022,female,group B,some college,free/reduced,completed,65,75,70,210,70.00,70.00,C
Student-023,male,group D,some college,standard,none,44,54,53,151,50.33,50.33,E
Student-024,female,group C,some high school,standard,none,69,73,73,215,71.67,71.67,C
Student-025,male,group D,bachelor's degree,free/reduced,completed,74,71,80,225,75.00,75.00,C
Student-026,male,group A,master's degree,free/reduced,none,73,74,72,219,73.00,73.00,C
Student-027,male,group B,some college,standard,none,69,54,55,178,59.33,59.33,E
Student-028,female,group C,bachelor's degree,standard,none,67,69,75,211,70.33,70.33,C
Student-029,male,group C,high school,standard,none,70,70,65,205,68.33,68.33,D
Student-030,female,group D,master's degree,standard,none,62,70,75,207,69.00,69.00,D
Student-031,female,group D,some college,standard,none,69,74,74,217,72.33,72.33,C
Student-032,female,group B,some college,standard,none,63,65,61,189,63.00,63.00,D
Student-033,female,group E,master's degree,free/reduced,none,56,72,65,193,64.33,64.33,D
Student-034,male,group D,some college,standard,none,40,42,38,120,40.00,40.00,F
Student-035,male,group E,some college,standard,none,97,87,82,266,88.67,88.67,B
Student-036,male,group E,associate's degree,standard,completed,81,81,79,241,80.33,80.33,B
Student-037,female,group D,associate's degree,standard,none,74,81,83,238,79.33,79.33,C
Student-038,female,group D,some high school,free/reduced,none,50,64,59,173,57.67,57.67,E
Student-039,female,group D,associate's degree,free/reduced,completed,75,90,88,253,84.33,84.33,B
Student-040,male,group B,associate's degree,free/reduced,none,57,56,57,170,56.67,56.67,E
Student-041,male,group C,associate's degree,free/reduced,none,55,61,54,170,56.67,56.67,E
Student-042,female,group C,associate's degree,standard,none,58,73,68,199,66.33,66.33,D
Student-043,female,group B,associate's degree,standard,none,53,58,65,176,58.67,58.67,E
Student-044,male,group B,some college,free/reduced,completed,59,65,66,190,63.33,63.33,D
Student-045,female,group E,associate's degree,free/reduced,none,50,56,54,160,53.33,53.33,E
Student-046,male,group B,associate's degree,standard,none,65,54,57,176,58.67,58.67,E
Student-047,female,group A,associate's degree,standard,completed,55,65,62,182,60.67,60.67,D
Student-048,female,group C,high school,standard,none,66,71,76,213,71.00,71.00,C
Student-049,female,group D,associate's degree,free/reduced,completed,57,74,76,207,69.00,69.00,D
Student-050,male,group C,high school,standard,completed,82,84,82,248,82.67,82.67,B
Student-051,male,group E,some college,standard,none,53,55,48,156,52.00,52.00,E
Student-052,male,group E,associate's degree,free/reduced,completed,77,69,68,214,71.33,71.33,C
Student-053,male,group C,some college,standard,none,53,44,42,139,46.33,46.33,F
Student-054,male,group D,high school,standard,none,88,78,75,241,80.33,80.33,B
Student-055,female,group C,some high school,free/reduced,completed,71,84,87,242,80.67,80.67,B
Student-056,female,group C,high school,free/reduced,none,33,41,43,117,39.00,39.00,F
Student-057,female,group E,associate's degree,standard,completed,82,85,86,253,84.33,84.33,B
Student-058,male,group D,associate's degree,standard,none,52,55,49,156,52.00,52.00,E
Student-059,male,group D,some college,standard,completed,58,59,58,175,58.33,58.33,E
Student-060,female,group C,some high school,free/reduced,none,0,17,10,27,9.00,9.00,F
Student-061,male,group E,bachelor's degree,free/reduced,completed,79,74,72,225,75.00,75.00,C
Student-062,male,group A,some high school,free/reduced,none,39,39,34,112,37.33,37.33,F
Student-063,male,group A,associate's degree,free/reduced,none,62,61,55,178,59.33,59.33,E
Student-064,female,group C,associate's degree,standard,none,69,80,71,220,73.33,73.33,C
Student-065,female,group D,some high school,standard,none,59,58,59,176,58.67,58.67,E
Student-066,male,group B,some high school,standard,none,67,64,61,192,64.00,64.00,D
Student-067,male,group D,some high school,free/reduced,none,45,37,37,119,39.67,39.67,F
Student-068,female,group C,some college,standard,none,60,72,74,206,68.67,68.67,D
Student-069,male,group B,associate's degree,free/reduced,none,61,58,56,175,58.33,58.33,E
Student-070,female,group C,associate's degree,standard,none,39,64,57,160,53.33,53.33,E
Student-071,female,group D,some college,free/reduced,completed,58,63,73,194,64.67,64.67,D
Student-072,male,group D,some college,standard,completed,63,55,63,181,60.33,60.33,D
Student-073,female,group A,associate's degree,free/reduced,none,41,51,48,140,46.67,46.67,F
Student-074,male,group C,some high school,free/reduced,none,61,57,56,174,58.00,58.00,E
Student-075,male,group C,some high school,standard,none,49,49,41,139,46.33,46.33,F
Student-076,male,group B,associate's degree,free/reduced,none,44,41,38,123,41.00,41.00,F
Student-077,male,group E,some high school,standard,none,30,26,22,78,26.00,26.00,F
Student-078,male,group A,bachelor's degree,standard,completed,80,78,81,239,79.67,79.67,C
Student-079,female,group D,some high school,standard,completed,61,74,72,207,69.00,69.00,D
Student-080,female,group E,master's degree,standard,none,62,68,68,198,66.00,66.00,D
Student-081,female,group B,associate's degree,standard,none,47,49,50,146,48.67,48.67,F
Student-082,male,group B,high school,free/reduced,none,49,45,45,139,46.33,46.33,F
Student-083,male,group A,some college,free/reduced,completed,50,47,54,151,50.33,50.33,E
Student-084,male,group E,associate's degree,standard,none,72,64,63,199,66.33,66.33,D
Student-085,male,group D,high school,free/reduced,none,42,39,34,115,38.33,38.33,F
Student-086,female,group C,some college,standard,none,73,80,82,235,78.33,78.33,C
Student-087,female,group C,some college,free/reduced,none,76,83,88,247,82.33,82.33,B
Student-088,female,group D,associate's degree,standard,none,71,71,74,216,72.00,72.00,C
Student-089,female,group A,some college,standard,none,58,70,67,195,65.00,65.00,D
Student-090,female,group D,some high school,standard,none,73,86,82,241,80.33,80.33,B
Student-091,female,group C,bachelor's degree,standard,none,65,72,74,211,70.33,70.33,C
Student-092,male,group C,high school,free/reduced,none,27,34,36,97,32.33,32.33,F
Student-093,male,group C,high school,standard,none,71,79,71,221,73.67,73.67,C
Student-094,male,group C,associate's degree,free/reduced,completed,43,45,50,138,46.00,46.00,F
Student-095,female,group B,some college,standard,none,79,86,92,257,85.67,85.67,B
Student-096,male,group C,associate's degree,free/reduced,completed,78,81,82,241,80.33,80.33,B
Student-097,male,group B,some high school,standard,completed,65,66,62,193,64.33,64.33,D
Student-098,female,group E,some college,standard,completed,63,72,70,205,68.33,68.33,D
Student-099,female,group D,some college,free/reduced,none,58,67,62,187,62.33,62.33,D
Student-100,female,group D,bachelor's degree,standard,none,65,67,62,194,64.67,64.67,D
Student-101,male,group B,some college,standard,none,79,67,67,213,71.00,71.00,C
Student-102,male,group D,bachelor's degree,standard,completed,68,74,74,216,72.00,72.00,C
Student-103,female,group D,associate's degree,standard,none,85,91,89,265,88.33,88.33,B
Student-104,male,group B,high school,standard,completed,60,44,47,151,50.33,50.33,E
Student-105,male,group C,some college,standard,completed,98,86,90,274,91.33,91.33,A
Student-106,female,group C,some college,standard,none,58,67,72,197,65.67,65.67,D
Student-107,female,group D,master's degree,standard,none,87,100,100,287,95.67,95.67,A
Student-108,male,group E,associate's degree,standard,completed,66,63,64,193,64.33,64.33,D
Student-109,female,group B,associate's degree,free/reduced,none,52,76,70,198,66.00,66.00,D
Student-110,female,group B,some high school,standard,none,70,64,72,206,68.67,68.67,D
Student-111,female,group D,associate's degree,free/reduced,completed,77,89,98,264,88.00,88.00,B
Student-112,male,group C,high school,standard,none,62,55,49,166,55.33,55.33,E
Student-113,male,group A,associate's degree,standard,none,54,53,47,154,51.33,51.33,E
Student-114,female,group D,some college,standard,none,51,58,54,163,54.33,54.33,E
Student-115,female,group E,bachelor's degree,standard,completed,99,100,100,299,99.67,99.67,A
Student-116,male,group C,high school,standard,none,84,77,74,235,78.33,78.33,C
Student-117,female,group B,bachelor's degree,free/reduced,none,75,85,82,242,80.67,80.67,B
Student-118,female,group D,bachelor's degree,standard,none,78,82,79,239,79.67,79.67,C
Student-119,female,group D,some high school,standard,none,51,63,61,175,58.33,58.33,E
Student-120,female,group C,some college,standard,none,55,69,65,189,63.00,63.00,D
Student-121,female,group C,bachelor's degree,standard,completed,79,92,89,260,86.67,86.67,B
Student-122,male,group B,associate's degree,standard,completed,91,89,92,272,90.67,90.67,A
Student-123,female,group C,some college,standard,completed,88,93,93,274,91.33,91.33,A
Student-124,male,group D,high school,free/reduced,none,63,57,56,176,58.67,58.67,E
Student-125,male,group E,some college,standard,none,83,80,73,236,78.67,78.67,C
Student-126,female,group B,high school,standard,none,87,95,86,268,89.33,89.33,B
Student-127,male,group B,some high school,standard,none,72,68,67,207,69.00,69.00,D
Student-128,male,group D,some college,standard,completed,65,77,74,216,72.00,72.00,C
Student-129,male,group D,master's degree,standard,none,82,82,74,238,79.33,79.33,C
Student-130,female,group A,bachelor's degree,standard,none,51,49,51,151,50.33,50.33,E
Student-131,male,group D,master's degree,standard,none,89,84,82,255,85.00,85.00,B
Student-132,male,group C,some high school,free/reduced,completed,53,37,40,130,43.33,43.33,F
Student-133,male,group E,some college,free/reduced,completed,87,74,70,231,77.00,77.00,C
Student-134,female,group C,some college,standard,completed,75,81,84,240,80.00,80.00,B
Student-135,male,group D,bachelor's degree,free/reduced,completed,74,79,75,228,76.00,76.00,C
Student-136,male,group C,bachelor's degree,standard,none,58,55,48,161,53.67,53.67,E
Student-137,male,group B,some high school,standard,completed,51,54,41,146,48.67,48.67,F
Student-138,male,group E,high school,standard,none,70,55,56,181,60.33,60.33,D
Student-139,female,group C,associate's degree,standard,none,59,66,67,192,64.00,64.00,D
Student-140,male,group D,some college,standard,completed,71,61,69,201,67.00,67.00,D
Student-141,female,group D,some high school,standard,none,76,72,71,219,73.00,73.00,C
Student-142,female,group C,some college,free/reduced,none,59,62,64,185,61.67,61.67,D
Student-143,female,group E,some college,free/reduced,completed,42,55,54,151,50.33,50.33,E
Student-144,male,group A,high school,standard,none,57,43,47,147,49.00,49.00,F
Student-145,male,group D,some college,standard,none,88,73,78,239,79.67,79.67,C
Student-146,female,group C,some college,free/reduced,none,22,39,33,94,31.33,31.33,F
Student-147,male,group B,some high school,standard,none,88,84,75,247,82.33,82.33,B
Student-148,male,group C,associate's degree,free/reduced,none,73,68,66,207,69.00,69.00,D
Student-149,female,group D,bachelor's degree,standard,completed,68,75,81,224,74.67,74.67,C
Student-150,male,group E,associate's degree,free/reduced,completed,100,100,93,293,97.67,97.67,A
Student-151,male,group A,some high school,standard,completed,62,67,69,198,66.00,66.00,D
Student-152,male,group A,bachelor's degree,standard,none,77,67,68,212,70.67,70.67,C
Student-153,female,group B,associate's degree,standard,completed,59,70,66,195,65.00,65.00,D
Student-154,male,group D,bachelor's degree,standard,none,54,49,47,150,50.00,50.00,E
Student-155,male,group D,some high school,standard,none,62,67,61,190,63.33,63.33,D
Student-156,female,group C,some college,standard,completed,70,89,88,247,82.33,82.33,B
Student-157,female,group E,high school,free/reduced,completed,66,74,78,218,72.67,72.67,C
Student-158,male,group B,some college,free/reduced,none,60,60,60,180,60.00,60.00,D
Student-159,female,group B,associate's degree,standard,completed,61,86,87,234,78.00,78.00,C
Student-160,male,group D,associate's degree,free/reduced,none,66,62,64,192,64.00,64.00,D
Student-161,male,group B,associate's degree,free/reduced,completed,82,78,74,234,78.00,78.00,C
Student-162,female,group E,some college,free/reduced,completed,75,88,85,248,82.67,82.67,B
Student-163,male,group B,master's degree,free/reduced,none,49,53,52,154,51.33,51.33,E
Student-164,male,group C,high school,standard,none,52,53,49,154,51.33,51.33,E
Student-165,female,group E,master's degree,standard,none,81,92,91,264,88.00,88.00,B
Student-166,female,group C,bachelor's degree,standard,completed,96,100,100,296,98.67,98.67,A
Student-167,male,group C,high school,free/reduced,completed,53,51,51,155,51.67,51.67,E
Student-168,female,group B,master's degree,free/reduced,completed,58,76,78,212,70.67,70.67,C
Student-169,female,group B,high school,standard,completed,68,83,78,229,76.33,76.33,C
Student-170,female,group C,some college,free/reduced,completed,67,75,70,212,70.67,70.67,C
Student-171,male,group A,high school,standard,completed,72,73,74,219,73.00,73.00,C
Student-172,male,group E,some high school,standard,none,94,88,78,260,86.67,86.67,B
Student-173,female,group D,some college,standard,none,79,86,81,246,82.00,82.00,B
Student-174,female,group C,associate's degree,standard,none,63,67,70,200,66.67,66.67,D
Student-175,female,group C,bachelor's degree,free/reduced,completed,43,51,54,148,49.33,49.33,F
Student-176,female,group C,master's degree,standard,completed,81,91,87,259,86.33,86.33,B
Student-177,female,group B,high school,free/reduced,completed,46,54,58,158,52.67,52.67,E
Student-178,female,group C,associate's degree,standard,completed,71,77,77,225,75.00,75.00,C
Student-179,female,group B,master's degree,free/reduced,completed,52,70,62,184,61.33,61.33,D
Student-180,female,group D,some high school,standard,completed,97,100,100,297,99.00,99.00,A
Student-181,male,group C,master's degree,free/reduced,completed,62,68,75,205,68.33,68.33,D
Student-182,female,group C,some college,free/reduced,none,46,64,66,176,58.67,58.67,E
Student-183,female,group E,high school,standard,none,50,50,47,147,49.00,49.00,F
Student-184,female,group D,associate's degree,standard,none,65,69,70,204,68.00,68.00,D
Student-185,male,group C,some high school,free/reduced,completed,45,52,49,146,48.67,48.67,F
Student-186,male,group C,associate's degree,free/reduced,completed,65,67,65,197,65.67,65.67,D
Student-187,male,group E,high school,standard,none,80,76,65,221,73.67,73.67,C
Student-188,male,group D,some high school,standard,completed,62,66,68,196,65.33,65.33,D
Student-189,male,group B,some high school,free/reduced,none,48,52,45,145,48.33,48.33,F
Student-190,female,group C,bachelor's degree,standard,none,77,88,87,252,84.00,84.00,B
Student-191,female,group E,associate's degree,standard,none,66,65,69,200,66.67,66.67,D
Student-192,male,group D,some college,standard,completed,76,83,79,238,79.33,79.33,C
Student-193,female,group B,some high school,standard,none,62,64,66,192,64.00,64.00,D
Student-194,male,group D,some college,standard,completed,77,62,62,201,67.00,67.00,D
Student-195,female,group C,master's degree,standard,completed,69,84,85,238,79.33,79.33,C
Student-196,male,group D,associate's degree,standard,none,61,55,52,168,56.00,56.00,E
Student-197,male,group C,some high school,free/reduced,completed,59,69,65,193,64.33,64.33,D
Student-198,male,group E,high school,free/reduced,none,55,56,51,162,54.00,54.00,E
Student-199,female,group B,some college,free/reduced,none,45,53,55,153,51.00,51.00,E
Student-200,female,group B,bachelor's degree,free/reduced,none,78,79,76,233,77.67,77.67,C
Student-201,female,group C,associate's degree,standard,completed,67,84,86,237,79.00,79.00,C
Student-202,female,group D,some college,free/reduced,none,65,81,77,223,74.33,74.33,C
Student-203,male,group C,associate's degree,standard,none,69,77,69,215,71.67,71.67,C
Student-204,female,group B,associate's degree,standard,none,57,69,68,194,64.67,64.67,D
Student-205,male,group C,some college,standard,none,59,41,42,142,47.33,47.33,F
Student-206,male,group D,some high school,standard,completed,74,71,78,223,74.33,74.33,C
Student-207,male,group E,bachelor's degree,standard,none,82,62,62,206,68.67,68.67,D
Student-208,male,group E,high school,standard,completed,81,80,76,237,79.00,79.00,C
Student-209,female,group B,some college,free/reduced,none,74,81,76,231,77.00,77.00,C
Student-210,female,group B,some college,free/reduced,none,58,61,66,185,61.67,61.67,D
Student-211,male,group D,some high school,free/reduced,completed,80,79,79,238,79.33,79.33,C
Student-212,male,group C,some college,free/reduced,none,35,28,27,90,30.00,30.00,F
Student-213,female,group C,high school,free/reduced,none,42,62,60,164,54.67,54.67,E
Student-214,male,group C,associate's degree,free/reduced,completed,60,51,56,167,55.67,55.67,E
Student-215,male,group E,high school,standard,completed,87,91,81,259,86.33,86.33,B
Student-216,male,group B,some high school,standard,completed,84,83,75,242,80.67,80.67,B
Student-217,female,group E,associate's degree,free/reduced,completed,83,86,88,257,85.67,85.67,B
Student-218,female,group C,high school,free/reduced,none,34,42,39,115,38.33,38.33,F
Student-219,male,group B,high school,free/reduced,none,66,77,70,213,71.00,71.00,C
Student-220,male,group B,some high school,standard,completed,61,56,56,173,57.67,57.67,E
Student-221,female,group D,high school,standard,completed,56,68,74,198,66.00,66.00,D
Student-222,male,group B,associate's degree,standard,none,87,85,73,245,81.67,81.67,B
Student-223,female,group C,some high school,free/reduced,none,55,65,62,182,60.67,60.67,D
Student-224,male,group D,some high school,standard,none,86,80,75,241,80.33,80.33,B
Student-225,female,group B,associate's degree,standard,completed,52,66,73,191,63.67,63.67,D
Student-226,female,group E,master's degree,free/reduced,none,45,56,54,155,51.67,51.67,E
Student-227,female,group C,some college,standard,none,72,72,71,215,71.67,71.67,C
Student-228,male,group D,high school,standard,none,57,50,54,161,53.67,53.67,E
Student-229,male,group A,some high school,free/reduced,none,68,72,64,204,68.00,68.00,D
Student-230,female,group C,some college,standard,completed,88,95,94,277,92.33,92.33,A
Student-231,male,group D,some college,standard,none,76,64,66,206,68.67,68.67,D
Student-232,male,group C,associate's degree,standard,none,46,43,42,131,43.67,43.67,F
Student-233,female,group B,bachelor's degree,standard,none,67,86,83,236,78.67,78.67,C
Student-234,male,group E,some high school,standard,none,92,87,78,257,85.67,85.67,B
Student-235,male,group C,bachelor's degree,standard,completed,83,82,84,249,83.00,83.00,B
Student-236,male,group D,associate's degree,standard,none,80,75,77,232,77.33,77.33,C
Student-237,male,group D,bachelor's degree,free/reduced,none,63,66,67,196,65.33,65.33,D
Student-238,female,group D,some high school,standard,completed,64,60,74,198,66.00,66.00,D
Student-239,male,group B,some college,standard,none,54,52,51,157,52.33,52.33,E
Student-240,male,group C,associate's degree,standard,none,84,80,80,244,81.33,81.33,B
Student-241,male,group D,high school,free/reduced,completed,73,68,66,207,69.00,69.00,D
Student-242,female,group E,bachelor's degree,standard,none,80,83,83,246,82.00,82.00,B
Student-243,female,group D,high school,standard,none,56,52,55,163,54.33,54.33,E
Student-244,male,group E,some college,standard,none,59,51,43,153,51.00,51.00,E
Student-245,male,group D,some high school,standard,none,75,74,69,218,72.67,72.67,C
Student-246,male,group C,associate's degree,standard,none,85,76,71,232,77.33,77.33,C
Student-247,male,group E,associate's degree,standard,none,89,76,74,239,79.67,79.67,C
Student-248,female,group B,high school,standard,completed,58,70,68,196,65.33,65.33,D
Student-249,female,group B,high school,standard,none,65,64,62,191,63.67,63.67,D
Student-250,male,group C,high school,standard,none,68,60,53,181,60.33,60.33,D
Student-251,male,group A,some high school,standard,completed,47,49,49,145,48.33,48.33,F
Student-252,female,group D,some college,free/reduced,none,71,83,83,237,79.00,79.00,C
Student-253,female,group B,some high school,standard,completed,60,70,70,200,66.67,66.67,D
Student-254,male,group D,master's degree,standard,none,80,80,72,232,77.33,77.33,C
Student-255,male,group D,high school,standard,none,54,52,52,158,52.67,52.67,E
Student-256,female,group E,some college,standard,none,62,73,70,205,68.33,68.33,D
Student-257,female,group C,associate's degree,free/reduced,none,64,73,68,205,68.33,68.33,D
Student-258,male,group C,associate's degree,standard,completed,78,77,77,232,77.33,77.33,C
Student-259,female,group B,some college,standard,none,70,75,78,223,74.33,74.33,C
Student-260,female,group C,master's degree,free/reduced,completed,65,81,81,227,75.67,75.67,C
Student-261,female,group C,some high school,free/reduced,completed,64,79,77,220,73.33,73.33,C
Student-262,male,group C,some college,standard,completed,79,79,78,236,78.67,78.67,C
Student-263,female,group C,some high school,free/reduced,none,44,50,51,145,48.33,48.33,F
Student-264,female,group E,high school,standard,none,99,93,90,282,94.00,94.00,A
Student-265,male,group D,high school,standard,none,76,73,68,217,72.33,72.33,C
Student-266,male,group D,some high school,free/reduced,none,59,42,41,142,47.33,47.33,F
Student-267,female,group C,bachelor's degree,standard,none,63,75,81,219,73.00,73.00,C
Student-268,female,group D,high school,standard,none,69,72,77,218,72.67,72.67,C
Student-269,female,group D,associate's degree,standard,completed,88,92,95,275,91.67,91.67,A
Student-270,female,group E,some college,free/reduced,none,71,76,70,217,72.33,72.33,C
Student-271,male,group C,bachelor's degree,standard,none,69,63,61,193,64.33,64.33,D
Student-272,male,group C,some college,standard,none,58,49,42,149,49.67,49.67,F
Student-273,female,group D,associate's degree,free/reduced,none,47,53,58,158,52.67,52.67,E
Student-274,female,group D,some college,standard,none,65,70,71,206,68.67,68.67,D
Student-275,male,group B,some college,standard,completed,88,85,76,249,83.00,83.00,B
Student-276,male,group C,bachelor's degree,standard,none,83,78,73,234,78.00,78.00,C
Student-277,female,group C,some high school,standard,completed,85,92,93,270,90.00,90.00,A
Student-278,female,group E,high school,standard,completed,59,63,75,197,65.67,65.67,D
Student-279,female,group C,some high school,free/reduced,none,65,86,80,231,77.00,77.00,C
Student-280,male,group B,bachelor's degree,free/reduced,none,73,56,57,186,62.00,62.00,D
Student-281,male,group D,high school,standard,none,53,52,42,147,49.00,49.00,F
Student-282,male,group D,high school,standard,none,45,48,46,139,46.33,46.33,F
Student-283,female,group D,bachelor's degree,free/reduced,none,73,79,84,236,78.67,78.67,C
Student-284,female,group D,some college,free/reduced,completed,70,78,78,226,75.33,75.33,C
Student-285,female,group B,some high school,standard,none,37,46,46,129,43.00,43.00,F
Student-286,male,group B,associate's degree,standard,completed,81,82,82,245,81.67,81.67,B
Student-287,male,group E,associate's degree,standard,completed,97,82,88,267,89.00,89.00,B
Student-288,female,group B,some high school,standard,none,67,89,82,238,79.33,79.33,C
Student-289,male,group B,bachelor's degree,free/reduced,none,88,75,76,239,79.67,79.67,C
Student-290,male,group E,some high school,standard,completed,77,76,77,230,76.67,76.67,C
Student-291,male,group C,associate's degree,standard,none,76,70,68,214,71.33,71.33,C
Student-292,male,group D,some high school,standard,none,86,73,70,229,76.33,76.33,C
Student-293,male,group C,some high school,standard,completed,63,60,57,180,60.00,60.00,D
Student-294,female,group E,bachelor's degree,standard,none,65,73,75,213,71.00,71.00,C
Student-295,male,group D,high school,free/reduced,completed,78,77,80,235,78.33,78.33,C
Student-296,male,group B,associate's degree,free/reduced,none,67,62,60,189,63.00,63.00,D
Student-297,male,group A,some high school,standard,completed,46,41,43,130,43.33,43.33,F
Student-298,male,group E,associate's degree,standard,completed,71,74,68,213,71.00,71.00,C
Student-299,male,group C,high school,free/reduced,completed,40,46,50,136,45.33,45.33,F
Student-300,male,group D,associate's degree,free/reduced,none,90,87,75,252,84.00,84.00,B
Student-301,male,group A,some college,free/reduced,completed,81,78,81,240,80.00,80.00,B
Student-302,male,group D,some high school,free/reduced,none,56,54,52,162,54.00,54.00,E
Student-303,female,group C,associate's degree,standard,completed,67,84,81,232,77.33,77.33,C
Student-304,male,group B,associate's degree,standard,none,80,76,64,220,73.33,73.33,C
Student-305,female,group C,associate's degree,standard,completed,74,75,83,232,77.33,77.33,C
Student-306,male,group A,some college,standard,none,69,67,69,205,68.33,68.33,D
Student-307,male,group E,some college,standard,completed,99,87,81,267,89.00,89.00,B
Student-308,male,group C,some high school,standard,none,51,52,44,147,49.00,49.00,F
Student-309,female,group B,associate's degree,free/reduced,none,53,71,67,191,63.67,63.67,D
Student-310,female,group D,high school,free/reduced,none,49,57,52,158,52.67,52.67,E
Student-311,female,group B,associate's degree,standard,none,73,76,80,229,76.33,76.33,C
Student-312,male,group B,bachelor's degree,standard,none,66,60,57,183,61.00,61.00,D
Student-313,male,group D,bachelor's degree,standard,completed,67,61,68,196,65.33,65.33,D
Student-314,female,group C,associate's degree,free/reduced,completed,68,67,69,204,68.00,68.00,D
Student-315,female,group C,bachelor's degree,standard,completed,59,64,75,198,66.00,66.00,D
Student-316,male,group C,high school,standard,none,71,66,65,202,67.33,67.33,D
Student-317,female,group D,master's degree,standard,completed,77,82,91,250,83.33,83.33,B
Student-318,male,group C,associate's degree,standard,none,83,72,78,233,77.67,77.67,C
Student-319,male,group B,bachelor's degree,standard,none,63,71,69,203,67.67,67.67,D
Student-320,female,group D,associate's degree,free/reduced,none,56,65,63,184,61.33,61.33,D
Student-321,female,group C,high school,free/reduced,completed,67,79,84,230,76.67,76.67,C
Student-322,female,group E,high school,standard,none,75,86,79,240,80.00,80.00,B
Student-323,female,group C,some college,standard,none,71,81,80,232,77.33,77.33,C
Student-324,female,group C,some high school,free/reduced,none,43,53,53,149,49.67,49.67,F
Student-325,female,group C,high school,free/reduced,none,41,46,43,130,43.33,43.33,F
Student-326,female,group C,some college,standard,none,82,90,94,266,88.67,88.67,B
Student-327,male,group C,some college,standard,none,61,61,62,184,61.33,61.33,D
Student-328,male,group A,some college,free/reduced,none,28,23,19,70,23.33,23.33,F
Student-329,male,group C,associate's degree,standard,completed,82,75,77,234,78.00,78.00,C
Student-330,female,group B,some high school,standard,none,41,55,51,147,49.00,49.00,F
Student-331,male,group C,high school,standard,none,71,60,61,192,64.00,64.00,D
Student-332,male,group C,associate's degree,standard,none,47,37,35,119,39.67,39.67,F
Student-333,male,group E,associate's degree,standard,completed,62,56,53,171,57.00,57.00,E
Student-334,male,group B,associate's degree,standard,none,90,78,81,249,83.00,83.00,B
Student-335,female,group C,bachelor's degree,standard,none,83,93,95,271,90.33,90.33,A
Student-336,female,group B,some college,free/reduced,none,61,68,66,195,65.00,65.00,D
Student-337,male,group D,some high school,standard,completed,76,70,69,215,71.67,71.67,C
Student-338,male,group C,associate's degree,standard,none,49,51,43,143,47.67,47.67,F
Student-339,female,group B,some high school,free/reduced,none,24,38,27,89,29.67,29.67,F
Student-340,female,group D,some high school,free/reduced,completed,35,55,60,150,50.00,50.00,E
Student-341,male,group C,high school,free/reduced,none,58,61,52,171,57.00,57.00,E
Student-342,female,group C,high school,standard,none,61,73,63,197,65.67,65.67,D
Student-343,female,group B,high school,standard,completed,69,76,74,219,73.00,73.00,C
Student-344,male,group D,associate's degree,standard,completed,67,72,67,206,68.67,68.67,D
Student-345,male,group D,some college,standard,none,79,73,67,219,73.00,73.00,C
Student-346,female,group C,high school,standard,none,72,80,75,227,75.67,75.67,C
Student-347,male,group B,some college,standard,none,62,61,57,180,60.00,60.00,D
Student-348,female,group C,bachelor's degree,standard,completed,77,94,95,266,88.67,88.67,B
Student-349,male,group D,high school,free/reduced,none,75,74,66,215,71.67,71.67,C
Student-350,male,group E,associate's degree,standard,none,87,74,76,237,79.00,79.00,C
Student-351,female,group B,bachelor's degree,standard,none,52,65,69,186,62.00,62.00,D
Student-352,male,group E,some college,standard,none,66,57,52,175,58.33,58.33,E
Student-353,female,group C,some college,standard,completed,63,78,80,221,73.67,73.67,C
Student-354,female,group C,associate's degree,standard,none,46,58,57,161,53.67,53.67,E
Student-355,female,group C,some college,standard,none,59,71,70,200,66.67,66.67,D
Student-356,female,group B,bachelor's degree,standard,none,61,72,70,203,67.67,67.67,D
Student-357,male,group A,associate's degree,standard,none,63,61,61,185,61.67,61.67,D
Student-358,female,group C,some college,free/reduced,completed,42,66,69,177,59.00,59.00,E
Student-359,male,group D,some college,free/reduced,none,59,62,61,182,60.67,60.67,D
Student-360,female,group D,some college,standard,none,80,90,89,259,86.33,86.33,B
Student-361,female,group B,high school,standard,none,58,62,59,179,59.67,59.67,E
Student-362,male,group B,some high school,standard,completed,85,84,78,247,82.33,82.33,B
Student-363,female,group C,some college,standard,none,52,58,58,168,56.00,56.00,E
Student-364,female,group D,some high school,free/reduced,none,27,34,32,93,31.00,31.00,F
Student-365,male,group C,some college,standard,none,59,60,58,177,59.00,59.00,E
Student-366,male,group A,bachelor's degree,free/reduced,completed,49,58,60,167,55.67,55.67,E
Student-367,male,group C,high school,standard,completed,69,58,53,180,60.00,60.00,D
Student-368,male,group C,bachelor's degree,free/reduced,none,61,66,61,188,62.67,62.67,D
Student-369,female,group A,some high school,free/reduced,none,44,64,58,166,55.33,55.33,E
Student-370,female,group D,some high school,standard,none,73,84,85,242,80.67,80.67,B
Student-371,male,group E,some college,standard,none,84,77,71,232,77.33,77.33,C
Student-372,female,group C,some college,free/reduced,completed,45,73,70,188,62.67,62.67,D
Student-373,male,group D,some high school,standard,none,74,74,72,220,73.33,73.33,C
Student-374,female,group D,some college,standard,completed,82,97,96,275,91.67,91.67,A
Student-375,female,group D,bachelor's degree,standard,none,59,70,73,202,67.33,67.33,D
Student-376,male,group E,associate's degree,free/reduced,none,46,43,41,130,43.33,43.33,F
Student-377,female,group D,some high school,standard,none,80,90,82,252,84.00,84.00,B
Student-378,female,group D,master's degree,free/reduced,completed,85,95,100,280,93.33,93.33,A
Student-379,female,group A,some high school,standard,none,71,83,77,231,77.00,77.00,C
Student-380,male,group A,bachelor's degree,standard,none,66,64,62,192,64.00,64.00,D
Student-381,female,group B,associate's degree,standard,none,80,86,83,249,83.00,83.00,B
Student-382,male,group C,associate's degree,standard,completed,87,100,95,282,94.00,94.00,A
Student-383,male,group C,master's degree,free/reduced,none,79,81,71,231,77.00,77.00,C
Student-384,female,group E,some high school,free/reduced,none,38,49,45,132,44.00,44.00,F
Student-385,female,group A,some high school,free/reduced,none,38,43,43,124,41.33,41.33,F
Student-386,female,group E,some college,standard,none,67,76,75,218,72.67,72.67,C
Student-387,female,group E,bachelor's degree,standard,none,64,73,70,207,69.00,69.00,D
Student-388,female,group C,associate's degree,free/reduced,none,57,78,67,202,67.33,67.33,D
Student-389,female,group D,high school,standard,none,62,64,64,190,63.33,63.33,D
Student-390,male,group D,master's degree,standard,none,73,70,75,218,72.67,72.67,C
Student-391,male,group E,some high school,free/reduced,completed,73,67,59,199,66.33,66.33,D
Student-392,female,group D,some college,standard,none,77,68,77,222,74.00,74.00,C
Student-393,male,group E,some college,standard,none,76,67,67,210,70.00,70.00,C
Student-394,male,group C,associate's degree,standard,completed,57,54,56,167,55.67,55.67,E
Student-395,female,group C,some high school,standard,completed,65,74,77,216,72.00,72.00,C
Student-396,male,group A,high school,free/reduced,none,48,45,41,134,44.67,44.67,F
Student-397,female,group B,high school,free/reduced,none,50,67,63,180,60.00,60.00,D
Student-398,female,group C,associate's degree,standard,none,85,89,95,269,89.67,89.67,B
Student-399,male,group B,some high school,standard,none,74,63,57,194,64.67,64.67,D
Student-400,male,group D,some high school,standard,none,60,59,54,173,57.67,57.67,E
Student-401,female,group C,some high school,standard,completed,59,54,67,180,60.00,60.00,D
Student-402,male,group A,some college,standard,none,53,43,43,139,46.33,46.33,F
Student-403,female,group A,some college,free/reduced,none,49,65,55,169,56.33,56.33,E
Student-404,female,group D,high school,standard,completed,88,99,100,287,95.67,95.67,A
Student-405,female,group C,high school,standard,none,54,59,62,175,58.33,58.33,E
Student-406,female,group C,some high school,standard,none,63,73,68,204,68.00,68.00,D
Student-407,male,group B,associate's degree,standard,completed,65,65,63,193,64.33,64.33,D
Student-408,female,group B,associate's degree,standard,none,82,80,77,239,79.67,79.67,C
Student-409,female,group D,high school,free/reduced,completed,52,57,56,165,55.00,55.00,E
Student-410,male,group D,associate's degree,standard,completed,87,84,85,256,85.33,85.33,B
Student-411,female,group D,master's degree,standard,completed,70,71,74,215,71.67,71.67,C
Student-412,male,group E,some college,standard,completed,84,83,78,245,81.67,81.67,B
Student-413,male,group D,associate's degree,standard,none,71,66,60,197,65.67,65.67,D
Student-414,male,group B,some high school,standard,completed,63,67,67,197,65.67,65.67,D
Student-415,female,group C,bachelor's degree,free/reduced,completed,51,72,79,202,67.33,67.33,D
Student-416,male,group E,high school,standard,none,84,73,69,226,75.33,75.33,C
Student-417,male,group C,bachelor's degree,standard,completed,71,74,68,213,71.00,71.00,C
Student-418,male,group C,associate's degree,standard,none,74,73,67,214,71.33,71.33,C
Student-419,male,group D,some college,standard,none,68,59,62,189,63.00,63.00,D
Student-420,male,group E,high school,free/reduced,completed,57,56,54,167,55.67,55.67,E
Student-421,female,group C,associate's degree,free/reduced,completed,82,93,93,268,89.33,89.33,B
Student-422,female,group D,high school,standard,completed,57,58,64,179,59.67,59.67,E
Student-423,female,group D,master's degree,free/reduced,completed,47,58,67,172,57.33,57.33,E
Student-424,female,group A,some high school,standard,completed,59,85,80,224,74.67,74.67,C
Student-425,male,group B,some college,free/reduced,none,41,39,34,114,38.00,38.00,F
Student-426,female,group C,some college,free/reduced,none,62,67,62,191,63.67,63.67,D
Student-427,male,group C,bachelor's degree,standard,none,86,83,86,255,85.00,85.00,B
Student-428,male,group C,some high school,free/reduced,none,69,71,65,205,68.33,68.33,D
Student-429,male,group A,some high school,free/reduced,none,65,59,53,177,59.00,59.00,E
Student-430,male,group C,some high school,free/reduced,none,68,63,54,185,61.67,61.67,D
Student-431,male,group C,associate's degree,free/reduced,none,64,66,59,189,63.00,63.00,D
Student-432,female,group C,high school,standard,none,61,72,70,203,67.67,67.67,D
Student-433,male,group C,high school,standard,none,61,56,55,172,57.33,57.33,E
Student-434,female,group A,some high school,free/reduced,none,47,59,50,156,52.00,52.00,E
Student-435,male,group C,some high school,standard,none,73,66,66,205,68.33,68.33,D
Student-436,male,group C,some college,free/reduced,completed,50,48,53,151,50.33,50.33,E
Student-437,male,group D,associate's degree,standard,none,75,68,64,207,69.00,69.00,D
Student-438,male,group D,associate's degree,free/reduced,none,75,66,73,214,71.33,71.33,C
Student-439,male,group C,high school,standard,none,70,56,51,177,59.00,59.00,E
Student-440,male,group D,some high school,standard,completed,89,88,82,259,86.33,86.33,B
Student-441,female,group C,some college,standard,completed,67,81,79,227,75.67,75.67,C
Student-442,female,group D,high school,standard,none,78,81,80,239,79.67,79.67,C
Student-443,female,group A,some high school,free/reduced,none,59,73,69,201,67.00,67.00,D
Student-444,female,group B,associate's degree,standard,none,73,83,76,232,77.33,77.33,C
Student-445,male,group A,some high school,free/reduced,none,79,82,73,234,78.00,78.00,C
Student-446,female,group C,some high school,standard,completed,67,74,77,218,72.67,72.67,C
Student-447,male,group D,some college,free/reduced,none,69,66,60,195,65.00,65.00,D
Student-448,male,group C,high school,standard,completed,86,81,80,247,82.33,82.33,B
Student-449,male,group B,high school,standard,none,47,46,42,135,45.00,45.00,F
Student-450,male,group B,associate's degree,standard,none,81,73,72,226,75.33,75.33,C
Student-451,female,group C,some college,free/reduced,completed,64,85,85,234,78.00,78.00,C
Student-452,female,group E,some college,standard,none,100,92,97,289,96.33,96.33,A
Student-453,female,group C,associate's degree,free/reduced,none,65,77,74,216,72.00,72.00,C
Student-454,male,group C,some college,free/reduced,none,65,58,49,172,57.33,57.33,E
Student-455,female,group C,associate's degree,free/reduced,none,53,61,62,176,58.67,58.67,E
Student-456,male,group C,bachelor's degree,free/reduced,none,37,56,47,140,46.67,46.67,F
Student-457,female,group D,bachelor's degree,standard,none,79,89,89,257,85.67,85.67,B
Student-458,male,group D,associate's degree,free/reduced,none,53,54,48,155,51.67,51.67,E
Student-459,female,group E,bachelor's degree,standard,none,100,100,100,300,100.00,100.00,A
Student-460,male,group B,high school,standard,completed,72,65,68,205,68.33,68.33,D
Student-461,male,group C,bachelor's degree,free/reduced,none,53,58,55,166,55.33,55.33,E
Student-462,male,group B,some college,free/reduced,none,54,54,45,153,51.00,51.00,E
Student-463,female,group E,some college,standard,none,71,70,76,217,72.33,72.33,C
Student-464,female,group C,some college,free/reduced,none,77,90,91,258,86.00,86.00,B
Student-465,male,group A,bachelor's degree,standard,completed,75,58,62,195,65.00,65.00,D
Student-466,female,group C,some college,standard,none,84,87,91,262,87.33,87.33,B
Student-467,female,group D,associate's degree,free/reduced,none,26,31,38,95,31.67,31.67,F
Student-468,male,group A,high school,free/reduced,completed,72,67,65,204,68.00,68.00,D
Student-469,female,group A,high school,free/reduced,completed,77,88,85,250,83.33,83.33,B
Student-470,male,group C,some college,standard,none,91,74,76,241,80.33,80.33,B
Student-471,female,group C,associate's degree,standard,completed,83,85,90,258,86.00,86.00,B
Student-472,female,group C,high school,standard,none,63,69,74,206,68.67,68.67,D
Student-473,female,group C,associate's degree,standard,completed,68,86,84,238,79.33,79.33,C
Student-474,female,group D,some high school,standard,none,59,67,61,187,62.33,62.33,D
Student-475,female,group B,associate's degree,standard,completed,90,90,91,271,90.33,90.33,A
Student-476,female,group D,bachelor's degree,standard,completed,71,76,83,230,76.67,76.67,C
Student-477,male,group E,bachelor's degree,standard,completed,76,62,66,204,68.00,68.00,D
Student-478,male,group D,associate's degree,standard,none,80,68,72,220,73.33,73.33,C
Student-479,female,group D,master's degree,standard,none,55,64,70,189,63.00,63.00,D
Student-480,male,group E,associate's degree,standard,none,76,71,67,214,71.33,71.33,C
Student-481,male,group B,high school,standard,completed,73,71,68,212,70.67,70.67,C
Student-482,female,group D,associate's degree,free/reduced,none,52,59,56,167,55.67,55.67,E
Student-483,male,group C,some college,free/reduced,none,68,68,61,197,65.67,65.67,D
Student-484,male,group A,high school,standard,none,59,52,46,157,52.33,52.33,E
Student-485,female,group B,associate's degree,standard,none,49,52,54,155,51.67,51.67,E
Student-486,male,group C,high school,standard,none,70,74,71,215,71.67,71.67,C
Student-487,male,group D,some college,free/reduced,none,61,47,56,164,54.67,54.67,E
Student-488,female,group C,associate's degree,free/reduced,none,60,75,74,209,69.67,69.67,D
Student-489,male,group B,some high school,standard,completed,64,53,57,174,58.00,58.00,E
Student-490,male,group A,associate's degree,free/reduced,completed,79,82,82,243,81.00,81.00,B
Student-491,female,group A,associate's degree,free/reduced,none,65,85,76,226,75.33,75.33,C
Student-492,female,group C,associate's degree,standard,none,64,64,70,198,66.00,66.00,D
Student-493,female,group C,some college,standard,none,83,83,90,256,85.33,85.33,B
Student-494,female,group C,bachelor's degree,standard,none,81,88,90,259,86.33,86.33,B
Student-495,female,group B,high school,standard,none,54,64,68,186,62.00,62.00,D
Student-496,male,group D,high school,standard,completed,68,64,66,198,66.00,66.00,D
Student-497,female,group C,some college,standard,none,54,48,52,154,51.33,51.33,E
Student-498,female,group D,some college,free/reduced,completed,59,78,76,213,71.00,71.00,C
Student-499,female,group B,some high school,standard,none,66,69,68,203,67.67,67.67,D
Student-500,male,group E,some college,standard,none,76,71,72,219,73.00,73.00,C
Student-501,female,group D,master's degree,standard,none,74,79,82,235,78.33,78.33,C
Student-502,female,group B,associate's degree,standard,completed,94,87,92,273,91.00,91.00,A
Student-503,male,group C,some college,free/reduced,none,63,61,54,178,59.33,59.33,E
Student-504,female,group E,associate's degree,standard,completed,95,89,92,276,92.00,92.00,A
Student-505,female,group D,master's degree,free/reduced,none,40,59,54,153,51.00,51.00,E
Student-506,female,group B,some high school,standard,none,82,82,80,244,81.33,81.33,B
Student-507,male,group A,high school,standard,none,68,70,66,204,68.00,68.00,D
Student-508,male,group B,bachelor's degree,free/reduced,none,55,59,54,168,56.00,56.00,E
Student-509,male,group C,master's degree,standard,none,79,78,77,234,78.00,78.00,C
Student-510,female,group C,bachelor's degree,standard,none,86,92,87,265,88.33,88.33,B
Student-511,male,group D,some college,standard,none,76,71,73,220,73.33,73.33,C
Student-512,male,group A,some high school,standard,none,64,50,43,157,52.33,52.33,E
Student-513,male,group D,some high school,free/reduced,none,62,49,52,163,54.33,54.33,E
Student-514,female,group B,some high school,standard,completed,54,61,62,177,59.00,59.00,E
Student-515,female,group B,master's degree,free/reduced,completed,77,97,94,268,89.33,89.33,B
Student-516,female,group C,some high school,standard,completed,76,87,85,248,82.67,82.67,B
Student-517,female,group D,some college,standard,none,74,89,84,247,82.33,82.33,B
Student-518,female,group E,some college,standard,completed,66,74,73,213,71.00,71.00,C
Student-519,female,group D,some high school,standard,completed,66,78,78,222,74.00,74.00,C
Student-520,female,group B,high school,free/reduced,completed,67,78,79,224,74.67,74.67,C
Student-521,male,group D,some college,standard,none,71,49,52,172,57.33,57.33,E
Student-522,female,group C,associate's degree,standard,none,91,86,84,261,87.00,87.00,B
Student-523,male,group D,bachelor's degree,standard,none,69,58,57,184,61.33,61.33,D
Student-524,male,group C,master's degree,free/reduced,none,54,59,50,163,54.33,54.33,E
Student-525,male,group C,high school,standard,completed,53,52,49,154,51.33,51.33,E
Student-526,male,group E,some college,standard,none,68,60,59,187,62.33,62.33,D
Student-527,male,group C,some high school,free/reduced,completed,56,61,60,177,59.00,59.00,E
Student-528,female,group C,high school,free/reduced,none,36,53,43,132,44.00,44.00,F
Student-529,female,group D,bachelor's degree,free/reduced,none,29,41,47,117,39.00,39.00,F
Student-530,female,group C,associate's degree,standard,none,62,74,70,206,68.67,68.67,D
Student-531,female,group C,associate's degree,standard,completed,68,67,73,208,69.33,69.33,D
Student-532,female,group C,some high school,standard,none,47,54,53,154,51.33,51.33,E
Student-533,male,group E,associate's degree,standard,completed,62,61,58,181,60.33,60.33,D
Student-534,female,group E,associate's degree,standard,completed,79,88,94,261,87.00,87.00,B
Student-535,male,group B,high school,standard,completed,73,69,68,210,70.00,70.00,C
Student-536,female,group C,bachelor's degree,free/reduced,completed,66,83,83,232,77.33,77.33,C
Student-537,male,group C,associate's degree,standard,completed,51,60,58,169,56.33,56.33,E
Student-538,female,group D,high school,standard,none,51,66,62,179,59.67,59.67,E
Student-539,male,group E,bachelor's degree,standard,completed,85,66,71,222,74.00,74.00,C
Student-540,male,group A,associate's degree,standard,completed,97,92,86,275,91.67,91.67,A
Student-541,male,group C,high school,standard,completed,75,69,68,212,70.67,70.67,C
Student-542,male,group D,associate's degree,free/reduced,completed,79,82,80,241,80.33,80.33,B
Student-543,female,group C,associate's degree,standard,none,81,77,79,237,79.00,79.00,C
Student-544,female,group D,associate's degree,standard,none,82,95,89,266,88.67,88.67,B
Student-545,female,group D,master's degree,standard,none,64,63,66,193,64.33,64.33,D
Student-546,male,group E,some high school,free/reduced,completed,78,83,80,241,80.33,80.33,B
Student-547,female,group A,some high school,standard,completed,92,100,97,289,96.33,96.33,A
Student-548,male,group C,high school,standard,completed,72,67,64,203,67.67,67.67,D
Student-549,female,group C,high school,free/reduced,none,62,67,64,193,64.33,64.33,D
Student-550,male,group C,master's degree,standard,none,79,72,69,220,73.33,73.33,C
Student-551,male,group C,some high school,free/reduced,none,79,76,65,220,73.33,73.33,C
Student-552,male,group B,bachelor's degree,free/reduced,completed,87,90,88,265,88.33,88.33,B
Student-553,female,group B,associate's degree,standard,none,40,48,50,138,46.00,46.00,F
Student-554,male,group D,some college,free/reduced,none,77,62,64,203,67.67,67.67,D
Student-555,male,group E,associate's degree,standard,none,53,45,40,138,46.00,46.00,F
Student-556,female,group C,some college,free/reduced,none,32,39,33,104,34.67,34.67,F
Student-557,female,group C,associate's degree,standard,completed,55,72,79,206,68.67,68.67,D
Student-558,male,group C,master's degree,free/reduced,none,61,67,66,194,64.67,64.67,D
Student-559,female,group B,associate's degree,free/reduced,none,53,70,70,193,64.33,64.33,D
Student-560,male,group D,some high school,standard,none,73,66,62,201,67.00,67.00,D
Student-561,female,group D,some college,standard,completed,74,75,79,228,76.00,76.00,C
Student-562,female,group C,some college,standard,none,63,74,74,211,70.33,70.33,C
Student-563,male,group C,bachelor's degree,standard,completed,96,90,92,278,92.67,92.67,A
Student-564,female,group D,some college,free/reduced,completed,63,80,80,223,74.33,74.33,C
Student-565,male,group B,bachelor's degree,free/reduced,none,48,51,46,145,48.33,48.33,F
Student-566,male,group B,associate's degree,standard,none,48,43,45,136,45.33,45.33,F
Student-567,female,group E,bachelor's degree,free/reduced,completed,92,100,100,292,97.33,97.33,A
Student-568,female,group D,master's degree,free/reduced,completed,61,71,78,210,70.00,70.00,C
Student-569,male,group B,high school,free/reduced,none,63,48,47,158,52.67,52.67,E
Student-570,male,group D,bachelor's degree,free/reduced,none,68,68,67,203,67.67,67.67,D
Student-571,male,group B,some college,standard,completed,71,75,70,216,72.00,72.00,C
Student-572,male,group A,bachelor's degree,standard,none,91,96,92,279,93.00,93.00,A
Student-573,female,group C,some college,standard,none,53,62,56,171,57.00,57.00,E
Student-574,female,group C,high school,free/reduced,completed,50,66,64,180,60.00,60.00,D
Student-575,female,group E,high school,standard,none,74,81,71,226,75.33,75.33,C
Student-576,male,group A,associate's degree,free/reduced,completed,40,55,53,148,49.33,49.33,F
Student-577,male,group A,some college,standard,completed,61,51,52,164,54.67,54.67,E
Student-578,female,group B,high school,standard,none,81,91,89,261,87.00,87.00,B
Student-579,female,group B,some college,free/reduced,completed,48,56,58,162,54.00,54.00,E
Student-580,female,group D,master's degree,standard,none,53,61,68,182,60.67,60.67,D
Student-581,female,group D,some high school,standard,none,81,97,96,274,91.33,91.33,A
Student-582,female,group E,some high school,standard,none,77,79,80,236,78.67,78.67,C
Student-583,female,group D,bachelor's degree,free/reduced,none,63,73,78,214,71.33,71.33,C
Student-584,female,group D,associate's degree,standard,completed,73,75,80,228,76.00,76.00,C
Student-585,female,group D,some college,standard,none,69,77,77,223,74.33,74.33,C
Student-586,female,group C,associate's degree,standard,none,65,76,76,217,72.33,72.33,C
Student-587,female,group A,high school,standard,none,55,73,73,201,67.00,67.00,D
Student-588,female,group C,bachelor's degree,free/reduced,none,44,63,62,169,56.33,56.33,E
Student-589,female,group C,some college,standard,none,54,64,65,183,61.00,61.00,D
Student-590,female,group A,some high school,standard,none,48,66,65,179,59.67,59.67,E
Student-591,male,group C,some college,free/reduced,none,58,57,54,169,56.33,56.33,E
Student-592,male,group A,some high school,standard,none,71,62,50,183,61.00,61.00,D
Student-593,male,group E,bachelor's degree,standard,none,68,68,64,200,66.67,66.67,D
Student-594,female,group E,high school,standard,none,74,76,73,223,74.33,74.33,C
Student-595,female,group C,bachelor's degree,standard,completed,92,100,99,291,97.00,97.00,A
Student-596,female,group C,bachelor's degree,standard,completed,56,79,72,207,69.00,69.00,D
Student-597,male,group B,high school,free/reduced,none,30,24,15,69,23.00,23.00,F
Student-598,male,group A,some high school,standard,none,53,54,48,155,51.67,51.67,E
Student-599,female,group D,high school,standard,none,69,77,73,219,73.00,73.00,C
Student-600,female,group D,some high school,standard,none,65,82,81,228,76.00,76.00,C
Student-601,female,group D,master's degree,standard,none,54,60,63,177,59.00,59.00,E
Student-602,female,group C,high school,standard,none,29,29,30,88,29.33,29.33,F
Student-603,female,group E,some college,standard,none,76,78,80,234,78.00,78.00,C
Student-604,male,group D,high school,free/reduced,none,60,57,51,168,56.00,56.00,E
Student-605,male,group D,master's degree,free/reduced,completed,84,89,90,263,87.67,87.67,B
Student-606,male,group C,some high school,standard,none,75,72,62,209,69.67,69.67,D
Student-607,female,group C,associate's degree,standard,none,85,84,82,251,83.67,83.67,B
Student-608,female,group C,master's degree,free/reduced,none,40,58,54,152,50.67,50.67,E
Student-609,female,group E,some college,standard,none,61,64,62,187,62.33,62.33,D
Student-610,female,group B,associate's degree,standard,none,58,63,65,186,62.00,62.00,D
Student-611,male,group D,some college,free/reduced,completed,69,60,63,192,64.00,64.00,D
Student-612,female,group C,some college,standard,none,58,59,66,183,61.00,61.00,D
Student-613,male,group C,bachelor's degree,standard,completed,94,90,91,275,91.67,91.67,A
Student-614,female,group C,associate's degree,standard,none,65,77,74,216,72.00,72.00,C
Student-615,female,group A,associate's degree,standard,none,82,93,93,268,89.33,89.33,B
Student-616,female,group C,high school,standard,none,60,68,72,200,66.67,66.67,D
Student-617,female,group E,bachelor's degree,standard,none,37,45,38,120,40.00,40.00,F
Student-618,male,group D,bachelor's degree,standard,none,88,78,83,249,83.00,83.00,B
Student-619,male,group D,master's degree,standard,none,95,81,84,260,86.67,86.67,B
Student-620,male,group C,associate's degree,free/reduced,completed,65,73,68,206,68.67,68.67,D
Student-621,female,group C,high school,free/reduced,none,35,61,54,150,50.00,50.00,E
Student-622,male,group B,bachelor's degree,free/reduced,none,62,63,56,181,60.33,60.33,D
Student-623,male,group C,high school,free/reduced,completed,58,51,52,161,53.67,53.67,E
Student-624,male,group A,some college,standard,completed,100,96,86,282,94.00,94.00,A
Student-625,female,group E,bachelor's degree,free/reduced,none,61,58,62,181,60.33,60.33,D
Student-626,male,group D,some college,standard,completed,100,97,99,296,98.67,98.67,A
Student-627,male,group B,associate's degree,free/reduced,completed,69,70,63,202,67.33,67.33,D
Student-628,male,group D,associate's degree,standard,none,61,48,46,155,51.67,51.67,E
Student-629,male,group D,some college,free/reduced,none,49,57,46,152,50.67,50.67,E
Student-630,female,group C,some high school,standard,completed,44,51,55,150,50.00,50.00,E
Student-631,male,group D,some college,standard,none,67,64,70,201,67.00,67.00,D
Student-632,male,group B,high school,standard,none,79,60,65,204,68.00,68.00,D
Student-633,female,group B,bachelor's degree,standard,completed,66,74,81,221,73.67,73.67,C
Student-634,female,group C,high school,standard,none,75,88,85,248,82.67,82.67,B
Student-635,male,group D,some high school,standard,none,84,84,80,248,82.67,82.67,B
Student-636,male,group A,high school,standard,none,71,74,64,209,69.67,69.67,D
Student-637,female,group B,high school,free/reduced,completed,67,80,81,228,76.00,76.00,C
Student-638,female,group D,some high school,standard,completed,80,92,88,260,86.67,86.67,B
Student-639,male,group E,some college,standard,none,86,76,74,236,78.67,78.67,C
Student-640,female,group D,associate's degree,standard,none,76,74,73,223,74.33,74.33,C
Student-641,male,group D,high school,standard,none,41,52,51,144,48.00,48.00,F
Student-642,female,group D,associate's degree,free/reduced,completed,74,88,90,252,84.00,84.00,B
Student-643,female,group B,some high school,free/reduced,none,72,81,79,232,77.33,77.33,C
Student-644,female,group E,high school,standard,completed,74,79,80,233,77.67,77.67,C
Student-645,male,group B,high school,standard,none,70,65,60,195,65.00,65.00,D
Student-646,female,group B,bachelor's degree,standard,completed,65,81,81,227,75.67,75.67,C
Student-647,female,group D,associate's degree,standard,none,59,70,65,194,64.67,64.67,D
Student-648,female,group E,high school,free/reduced,none,64,62,68,194,64.67,64.67,D
Student-649,female,group B,high school,standard,none,50,53,55,158,52.67,52.67,E
Student-650,female,group D,some college,standard,completed,69,79,81,229,76.33,76.33,C
Student-651,male,group C,some high school,free/reduced,completed,51,56,53,160,53.33,53.33,E
Student-652,female,group A,high school,standard,completed,68,80,76,224,74.67,74.67,C
Student-653,female,group D,some college,standard,completed,85,86,98,269,89.67,89.67,B
Student-654,female,group A,associate's degree,standard,completed,65,70,74,209,69.67,69.67,D
Student-655,female,group B,some high school,standard,none,73,79,79,231,77.00,77.00,C
Student-656,female,group B,some college,standard,none,62,67,67,196,65.33,65.33,D
Student-657,male,group C,associate's degree,free/reduced,none,77,67,64,208,69.33,69.33,D
Student-658,male,group D,some high school,standard,none,69,66,61,196,65.33,65.33,D
Student-659,female,group D,associate's degree,free/reduced,none,43,60,58,161,53.67,53.67,E
Student-660,male,group D,associate's degree,standard,none,90,87,85,262,87.33,87.33,B
Student-661,male,group C,some college,free/reduced,none,74,77,73,224,74.67,74.67,C
Student-662,male,group C,some high school,standard,none,73,66,63,202,67.33,67.33,D
Student-663,female,group D,some college,free/reduced,none,55,71,69,195,65.00,65.00,D
Student-664,female,group C,high school,standard,none,65,69,67,201,67.00,67.00,D
Student-665,male,group D,associate's degree,standard,none,80,63,63,206,68.67,68.67,D
Student-666,female,group C,some high school,free/reduced,completed,50,60,60,170,56.67,56.67,E
Student-667,female,group C,some college,free/reduced,completed,63,73,71,207,69.00,69.00,D
Student-668,female,group B,bachelor's degree,free/reduced,none,77,85,87,249,83.00,83.00,B
Student-669,male,group C,some college,standard,none,73,74,61,208,69.33,69.33,D
Student-670,male,group D,associate's degree,standard,completed,81,72,77,230,76.67,76.67,C
Student-671,female,group C,high school,free/reduced,none,66,76,68,210,70.00,70.00,C
Student-672,male,group D,associate's degree,free/reduced,none,52,57,50,159,53.00,53.00,E
Student-673,female,group C,some college,standard,none,69,78,76,223,74.33,74.33,C
Student-674,female,group C,associate's degree,standard,completed,65,84,84,233,77.67,77.67,C
Student-675,female,group D,high school,standard,completed,69,77,78,224,74.67,74.67,C
Student-676,female,group B,some college,standard,completed,50,64,66,180,60.00,60.00,D
Student-677,female,group E,some college,standard,completed,73,78,76,227,75.67,75.67,C
Student-678,female,group C,some high school,standard,completed,70,82,76,228,76.00,76.00,C
Student-679,male,group D,associate's degree,free/reduced,none,81,75,78,234,78.00,78.00,C
Student-680,male,group D,some college,free/reduced,none,63,61,60,184,61.33,61.33,D
Student-681,female,group D,high school,standard,none,67,72,74,213,71.00,71.00,C
Student-682,male,group B,high school,standard,none,60,68,60,188,62.67,62.67,D
Student-683,male,group B,high school,standard,none,62,55,54,171,57.00,57.00,E
Student-684,female,group C,some high school,free/reduced,completed,29,40,44,113,37.67,37.67,F
Student-685,male,group B,some college,standard,completed,62,66,68,196,65.33,65.33,D
Student-686,female,group E,master's degree,standard,completed,94,99,100,293,97.67,97.67,A
Student-687,male,group E,some college,standard,completed,85,75,68,228,76.00,76.00,C
Student-688,male,group D,associate's degree,free/reduced,none,77,78,73,228,76.00,76.00,C
Student-689,male,group A,high school,free/reduced,none,53,58,44,155,51.67,51.67,E
Student-690,male,group E,some college,free/reduced,none,93,90,83,266,88.67,88.67,B
Student-691,female,group C,associate's degree,standard,none,49,53,53,155,51.67,51.67,E
Student-692,female,group E,associate's degree,free/reduced,none,73,76,78,227,75.67,75.67,C
Student-693,female,group C,bachelor's degree,free/reduced,completed,66,74,81,221,73.67,73.67,C
Student-694,female,group D,associate's degree,standard,none,77,77,73,227,75.67,75.67,C
Student-695,female,group C,some high school,standard,none,49,63,56,168,56.00,56.00,E
Student-696,female,group D,some college,free/reduced,none,79,89,86,254,84.67,84.67,B
Student-697,female,group C,associate's degree,standard,completed,75,82,90,247,82.33,82.33,B
Student-698,female,group A,bachelor's degree,standard,none,59,72,70,201,67.00,67.00,D
Student-699,female,group D,associate's degree,standard,completed,57,78,79,214,71.33,71.33,C
Student-700,male,group C,high school,free/reduced,none,66,66,59,191,63.67,63.67,D
Student-701,female,group E,bachelor's degree,standard,completed,79,81,82,242,80.67,80.67,B
Student-702,female,group B,some high school,standard,none,57,67,72,196,65.33,65.33,D
Student-703,male,group A,bachelor's degree,standard,completed,87,84,87,258,86.00,86.00,B
Student-704,female,group D,some college,standard,none,63,64,67,194,64.67,64.67,D
Student-705,female,group B,some high school,free/reduced,completed,59,63,64,186,62.00,62.00,D
Student-706,male,group A,bachelor's degree,free/reduced,none,62,72,65,199,66.33,66.33,D
Student-707,male,group D,high school,standard,none,46,34,36,116,38.67,38.67,F
Student-708,male,group C,some college,standard,none,66,59,52,177,59.00,59.00,E
Student-709,male,group D,high school,standard,none,89,87,79,255,85.00,85.00,B
Student-710,female,group D,associate's degree,free/reduced,completed,42,61,58,161,53.67,53.67,E
Student-711,male,group C,some college,standard,completed,93,84,90,267,89.00,89.00,B
Student-712,female,group E,some high school,standard,completed,80,85,85,250,83.33,83.33,B
Student-713,female,group D,some college,standard,none,98,100,99,297,99.00,99.00,A
Student-714,male,group D,master's degree,standard,none,81,81,84,246,82.00,82.00,B
Student-715,female,group B,some high school,standard,completed,60,70,74,204,68.00,68.00,D
Student-716,female,group B,associate's degree,free/reduced,completed,76,94,87,257,85.67,85.67,B
Student-717,male,group C,associate's degree,standard,completed,73,78,72,223,74.33,74.33,C
Student-718,female,group C,associate's degree,standard,completed,96,96,99,291,97.00,97.00,A
Student-719,female,group C,high school,standard,none,76,76,74,226,75.33,75.33,C
Student-720,male,group E,associate's degree,free/reduced,completed,91,73,80,244,81.33,81.33,B
Student-721,female,group C,some college,free/reduced,none,62,72,70,204,68.00,68.00,D
Student-722,male,group D,some high school,free/reduced,completed,55,59,59,173,57.67,57.67,E
Student-723,female,group B,some high school,free/reduced,completed,74,90,88,252,84.00,84.00,B
Student-724,male,group C,high school,standard,none,50,48,42,140,46.67,46.67,F
Student-725,male,group B,some college,standard,none,47,43,41,131,43.67,43.67,F
Student-726,male,group E,some college,standard,completed,81,74,71,226,75.33,75.33,C
Student-727,female,group E,associate's degree,standard,completed,65,75,77,217,72.33,72.33,C
Student-728,male,group E,some high school,standard,completed,68,51,57,176,58.67,58.67,E
Student-729,female,group D,high school,free/reduced,none,73,92,84,249,83.00,83.00,B
Student-730,male,group C,some college,standard,none,53,39,37,129,43.00,43.00,F
Student-731,female,group B,associate's degree,free/reduced,completed,68,77,80,225,75.00,75.00,C
Student-732,male,group A,some high school,free/reduced,none,55,46,43,144,48.00,48.00,F
Student-733,female,group C,some college,standard,completed,87,89,94,270,90.00,90.00,A
Student-734,male,group D,some high school,standard,none,55,47,44,146,48.67,48.67,F
Student-735,female,group E,some college,free/reduced,none,53,58,57,168,56.00,56.00,E
Student-736,male,group C,master's degree,standard,none,67,57,59,183,61.00,61.00,D
Student-737,male,group C,associate's degree,standard,none,92,79,84,255,85.00,85.00,B
Student-738,female,group B,some college,free/reduced,completed,53,66,73,192,64.00,64.00,D
Student-739,male,group D,associate's degree,standard,none,81,71,73,225,75.00,75.00,C
Student-740,male,group C,high school,free/reduced,none,61,60,55,176,58.67,58.67,E
Student-741,male,group D,bachelor's degree,standard,none,80,73,72,225,75.00,75.00,C
Student-742,female,group A,associate's degree,free/reduced,none,37,57,56,150,50.00,50.00,E
Student-743,female,group C,high school,standard,none,81,84,82,247,82.33,82.33,B
Student-744,female,group C,associate's degree,standard,completed,59,73,72,204,68.00,68.00,D
Student-745,male,group B,some college,free/reduced,none,55,55,47,157,52.33,52.33,E
Student-746,male,group D,associate's degree,standard,none,72,79,74,225,75.00,75.00,C
Student-747,male,group D,high school,standard,none,69,75,71,215,71.67,71.67,C
Student-748,male,group C,some college,standard,none,69,64,68,201,67.00,67.00,D
Student-749,female,group C,bachelor's degree,free/reduced,none,50,60,59,169,56.33,56.33,E
Student-750,male,group B,some college,standard,completed,87,84,86,257,85.67,85.67,B
Student-751,male,group D,some high school,standard,completed,71,69,68,208,69.33,69.33,D
Student-752,male,group E,some college,standard,none,68,72,65,205,68.33,68.33,D
Student-753,male,group C,master's degree,free/reduced,completed,79,77,75,231,77.00,77.00,C
Student-754,female,group C,some high school,standard,completed,77,90,85,252,84.00,84.00,B
Student-755,male,group C,associate's degree,free/reduced,none,58,55,53,166,55.33,55.33,E
Student-756,female,group E,associate's degree,standard,none,84,95,92,271,90.33,90.33,A
Student-757,male,group D,some college,standard,none,55,58,52,165,55.00,55.00,E
Student-758,male,group E,bachelor's degree,free/reduced,completed,70,68,72,210,70.00,70.00,C
Student-759,female,group D,some college,free/reduced,completed,52,59,65,176,58.67,58.67,E
Student-760,male,group B,some college,standard,completed,69,77,77,223,74.33,74.33,C
Student-761,female,group C,high school,free/reduced,none,53,72,64,189,63.00,63.00,D
Student-762,female,group D,some high school,standard,none,48,58,54,160,53.33,53.33,E
Student-763,male,group D,some high school,standard,completed,78,81,86,245,81.67,81.67,B
Student-764,female,group B,high school,standard,none,62,62,63,187,62.33,62.33,D
Student-765,male,group D,some college,standard,none,60,63,59,182,60.67,60.67,D
Student-766,female,group B,high school,standard,none,74,72,72,218,72.67,72.67,C
Student-767,female,group C,high school,standard,completed,58,75,77,210,70.00,70.00,C
Student-768,male,group B,high school,standard,completed,76,62,60,198,66.00,66.00,D
Student-769,female,group D,some high school,standard,none,68,71,75,214,71.33,71.33,C
Student-770,male,group A,some college,free/reduced,none,58,60,57,175,58.33,58.33,E
Student-771,male,group B,high school,standard,none,52,48,49,149,49.67,49.67,F
Student-772,male,group D,bachelor's degree,standard,none,75,73,74,222,74.00,74.00,C
Student-773,female,group B,some high school,free/reduced,completed,52,67,72,191,63.67,63.67,D
Student-774,female,group C,bachelor's degree,free/reduced,none,62,78,79,219,73.00,73.00,C
Student-775,male,group B,some college,standard,none,66,65,60,191,63.67,63.67,D
Student-776,female,group B,some high school,free/reduced,none,49,58,55,162,54.00,54.00,E
Student-777,female,group B,high school,standard,none,66,72,70,208,69.33,69.33,D
Student-778,female,group C,some college,free/reduced,none,35,44,43,122,40.67,40.67,F
Student-779,female,group A,some college,standard,completed,72,79,82,233,77.67,77.67,C
Student-780,male,group E,associate's degree,standard,completed,94,85,82,261,87.00,87.00,B
Student-781,female,group D,associate's degree,free/reduced,none,46,56,57,159,53.00,53.00,E
Student-782,female,group B,master's degree,standard,none,77,90,84,251,83.67,83.67,B
Student-783,female,group B,high school,free/reduced,completed,76,85,82,243,81.00,81.00,B
Student-784,female,group C,associate's degree,standard,completed,52,59,62,173,57.67,57.67,E
Student-785,male,group C,bachelor's degree,standard,completed,91,81,79,251,83.67,83.67,B
Student-786,female,group B,some high school,standard,completed,32,51,44,127,42.33,42.33,F
Student-787,female,group E,some high school,free/reduced,none,72,79,77,228,76.00,76.00,C
Student-788,female,group B,some college,standard,none,19,38,32,89,29.67,29.67,F
Student-789,male,group C,associate's degree,free/reduced,none,68,65,61,194,64.67,64.67,D
Student-790,female,group C,master's degree,free/reduced,none,52,65,61,178,59.33,59.33,E
Student-791,female,group B,high school,standard,none,48,62,60,170,56.67,56.67,E
Student-792,female,group D,some college,free/reduced,none,60,66,70,196,65.33,65.33,D
Student-793,male,group D,high school,free/reduced,none,66,74,69,209,69.67,69.67,D
Student-794,male,group E,some high school,standard,completed,89,84,77,250,83.33,83.33,B
Student-795,female,group B,high school,standard,none,42,52,51,145,48.33,48.33,F
Student-796,female,group E,associate's degree,free/reduced,completed,57,68,73,198,66.00,66.00,D
Student-797,male,group D,high school,standard,none,70,70,70,210,70.00,70.00,C
Student-798,female,group E,associate's degree,free/reduced,none,70,84,81,235,78.33,78.33,C
Student-799,male,group E,some college,standard,none,69,60,54,183,61.00,61.00,D
Student-800,female,group C,associate's degree,standard,none,52,55,57,164,54.67,54.67,E
Student-801,male,group C,some high school,standard,completed,67,73,68,208,69.33,69.33,D
Student-802,male,group C,some high school,standard,completed,76,80,73,229,76.33,76.33,C
Student-803,female,group E,associate's degree,standard,none,87,94,95,276,92.00,92.00,A
Student-804,female,group B,some college,standard,none,82,85,87,254,84.67,84.67,B
Student-805,female,group C,some college,standard,none,73,76,78,227,75.67,75.67,C
Student-806,male,group A,some college,free/reduced,none,75,81,74,230,76.67,76.67,C
Student-807,female,group D,some college,free/reduced,none,64,74,75,213,71.00,71.00,C
Student-808,female,group E,high school,free/reduced,none,41,45,40,126,42.00,42.00,F
Student-809,male,group C,high school,standard,none,90,75,69,234,78.00,78.00,C
Student-810,male,group B,bachelor's degree,standard,none,59,54,51,164,54.67,54.67,E
Student-811,male,group A,some high school,standard,none,51,31,36,118,39.33,39.33,F
Student-812,male,group A,high school,free/reduced,none,45,47,49,141,47.00,47.00,F
Student-813,female,group C,master's degree,standard,completed,54,64,67,185,61.67,61.67,D
Student-814,male,group E,some high school,standard,completed,87,84,76,247,82.33,82.33,B
Student-815,female,group C,high school,standard,none,72,80,83,235,78.33,78.33,C
Student-816,male,group B,some high school,standard,completed,94,86,87,267,89.00,89.00,B
Student-817,female,group A,bachelor's degree,standard,none,45,59,64,168,56.00,56.00,E
Student-818,male,group D,bachelor's degree,free/reduced,completed,61,70,76,207,69.00,69.00,D
Student-819,female,group B,high school,free/reduced,none,60,72,68,200,66.67,66.67,D
Student-820,female,group C,some high school,standard,none,77,91,88,256,85.33,85.33,B
Student-821,female,group A,some high school,standard,completed,85,90,92,267,89.00,89.00,B
Student-822,female,group D,bachelor's degree,free/reduced,none,78,90,93,261,87.00,87.00,B
Student-823,male,group E,some college,free/reduced,completed,49,52,51,152,50.67,50.67,E
Student-824,female,group B,high school,free/reduced,none,71,87,82,240,80.00,80.00,B
Student-825,female,group C,some high school,free/reduced,none,48,58,52,158,52.67,52.67,E
Student-826,male,group C,high school,standard,none,62,67,58,187,62.33,62.33,D
Student-827,female,group C,associate's degree,free/reduced,completed,56,68,70,194,64.67,64.67,D
Student-828,female,group C,some high school,standard,none,65,69,76,210,70.00,70.00,C
Student-829,female,group D,some high school,free/reduced,completed,69,86,81,236,78.67,78.67,C
Student-830,male,group B,some high school,standard,none,68,54,53,175,58.33,58.33,E
Student-831,female,group A,some college,free/reduced,none,61,60,57,178,59.33,59.33,E
Student-832,female,group C,bachelor's degree,free/reduced,completed,74,86,89,249,83.00,83.00,B
Student-833,male,group A,bachelor's degree,standard,none,64,60,58,182,60.67,60.67,D
Student-834,female,group B,high school,standard,completed,77,82,89,248,82.67,82.67,B
Student-835,male,group B,some college,standard,none,58,50,45,153,51.00,51.00,E
Student-836,female,group C,high school,standard,completed,60,64,74,198,66.00,66.00,D
Student-837,male,group E,high school,standard,none,73,64,57,194,64.67,64.67,D
Student-838,female,group A,high school,standard,completed,75,82,79,236,78.67,78.67,C
Student-839,male,group B,associate's degree,free/reduced,completed,58,57,53,168,56.00,56.00,E
Student-840,female,group C,associate's degree,standard,none,66,77,73,216,72.00,72.00,C
Student-841,female,group D,high school,free/reduced,none,39,52,46,137,45.67,45.67,F
Student-842,male,group C,some high school,standard,none,64,58,51,173,57.67,57.67,E
Student-843,female,group B,high school,free/reduced,completed,23,44,36,103,34.33,34.33,F
Student-844,male,group B,some college,free/reduced,completed,74,77,76,227,75.67,75.67,C
Student-845,female,group D,some high school,free/reduced,completed,40,65,64,169,56.33,56.33,E
Student-846,male,group E,master's degree,standard,none,90,85,84,259,86.33,86.33,B
Student-847,male,group C,master's degree,standard,completed,91,85,85,261,87.00,87.00,B
Student-848,male,group D,high school,standard,none,64,54,50,168,56.00,56.00,E
Student-849,female,group C,high school,standard,none,59,72,68,199,66.33,66.33,D
Student-850,male,group D,associate's degree,standard,none,80,75,69,224,74.67,74.67,C
Student-851,male,group C,master's degree,standard,none,71,67,67,205,68.33,68.33,D
Student-852,female,group A,high school,standard,none,61,68,63,192,64.00,64.00,D
Student-853,female,group E,some college,standard,none,87,85,93,265,88.33,88.33,B
Student-854,male,group E,some high school,standard,none,82,67,61,210,70.00,70.00,C
Student-855,male,group C,some high school,standard,none,62,64,55,181,60.33,60.33,D
Student-856,female,group B,bachelor's degree,standard,none,97,97,96,290,96.67,96.67,A
Student-857,male,group B,some college,free/reduced,none,75,68,65,208,69.33,69.33,D
Student-858,female,group C,bachelor's degree,standard,none,65,79,81,225,75.00,75.00,C
Student-859,male,group B,high school,standard,completed,52,49,46,147,49.00,49.00,F
Student-860,male,group C,associate's degree,free/reduced,none,87,73,72,232,77.33,77.33,C
Student-861,female,group C,associate's degree,standard,none,53,62,53,168,56.00,56.00,E
Student-862,female,group E,master's degree,free/reduced,none,81,86,87,254,84.67,84.67,B
Student-863,male,group D,bachelor's degree,free/reduced,completed,39,42,38,119,39.67,39.67,F
Student-864,female,group C,some college,standard,completed,71,71,80,222,74.00,74.00,C
Student-865,male,group C,associate's degree,standard,none,97,93,91,281,93.67,93.67,A
Student-866,male,group D,some college,standard,completed,82,82,88,252,84.00,84.00,B
Student-867,male,group C,high school,free/reduced,none,59,53,52,164,54.67,54.67,E
Student-868,male,group B,associate's degree,standard,none,61,42,41,144,48.00,48.00,F
Student-869,male,group E,associate's degree,free/reduced,completed,78,74,72,224,74.67,74.67,C
Student-870,male,group C,associate's degree,free/reduced,none,49,51,51,151,50.33,50.33,E
Student-871,male,group B,high school,standard,none,59,58,47,164,54.67,54.67,E
Student-872,female,group C,some college,standard,completed,70,72,76,218,72.67,72.67,C
Student-873,male,group B,associate's degree,standard,completed,82,84,78,244,81.33,81.33,B
Student-874,male,group E,associate's degree,free/reduced,none,90,90,82,262,87.33,87.33,B
Student-875,female,group C,bachelor's degree,free/reduced,none,43,62,61,166,55.33,55.33,E
Student-876,male,group C,some college,free/reduced,none,80,64,66,210,70.00,70.00,C
Student-877,male,group D,some college,standard,none,81,82,84,247,82.33,82.33,B
Student-878,male,group C,some high school,standard,none,57,61,54,172,57.33,57.33,E
Student-879,female,group D,some high school,standard,none,59,72,80,211,70.33,70.33,C
Student-880,female,group D,associate's degree,standard,none,64,76,74,214,71.33,71.33,C
Student-881,male,group C,bachelor's degree,standard,completed,63,64,66,193,64.33,64.33,D
Student-882,female,group E,bachelor's degree,standard,completed,71,70,70,211,70.33,70.33,C
Student-883,female,group B,high school,free/reduced,none,64,73,71,208,69.33,69.33,D
Student-884,male,group D,bachelor's degree,free/reduced,none,55,46,44,145,48.33,48.33,F
Student-885,female,group E,associate's degree,standard,none,51,51,54,156,52.00,52.00,E
Student-886,female,group C,associate's degree,standard,completed,62,76,80,218,72.67,72.67,C
Student-887,female,group E,associate's degree,standard,completed,93,100,95,288,96.00,96.00,A
Student-888,male,group C,high school,free/reduced,none,54,72,59,185,61.67,61.67,D
Student-889,female,group D,some college,free/reduced,none,69,65,74,208,69.33,69.33,D
Student-890,male,group D,high school,free/reduced,none,44,51,48,143,47.67,47.67,F
Student-891,female,group E,some college,standard,completed,86,85,91,262,87.33,87.33,B
Student-892,female,group E,associate's degree,standard,none,85,92,85,262,87.33,87.33,B
Student-893,female,group A,master's degree,free/reduced,none,50,67,73,190,63.33,63.33,D
Student-894,male,group D,some high school,standard,completed,88,74,75,237,79.00,79.00,C
Student-895,female,group E,associate's degree,standard,none,59,62,69,190,63.33,63.33,D
Student-896,female,group E,some high school,free/reduced,none,32,34,38,104,34.67,34.67,F
Student-897,male,group B,high school,free/reduced,none,36,29,27,92,30.67,30.67,F
Student-898,female,group B,some high school,free/reduced,completed,63,78,79,220,73.33,73.33,C
Student-899,male,group D,associate's degree,standard,completed,67,54,63,184,61.33,61.33,D
Student-900,female,group D,some high school,standard,completed,65,78,82,225,75.00,75.00,C
Student-901,male,group D,master's degree,standard,none,85,84,89,258,86.00,86.00,B
Student-902,female,group C,master's degree,standard,none,73,78,74,225,75.00,75.00,C
Student-903,female,group A,high school,free/reduced,completed,34,48,41,123,41.00,41.00,F
Student-904,female,group D,bachelor's degree,free/reduced,completed,93,100,100,293,97.67,97.67,A
Student-905,female,group D,some high school,free/reduced,none,67,84,84,235,78.33,78.33,C
Student-906,male,group D,some college,standard,none,88,77,77,242,80.67,80.67,B
Student-907,male,group B,high school,standard,none,57,48,51,156,52.00,52.00,E
Student-908,female,group D,some college,standard,completed,79,84,91,254,84.67,84.67,B
Student-909,female,group C,bachelor's degree,free/reduced,none,67,75,72,214,71.33,71.33,C
Student-910,male,group E,bachelor's degree,standard,completed,70,64,70,204,68.00,68.00,D
Student-911,male,group D,bachelor's degree,free/reduced,none,50,42,48,140,46.67,46.67,F
Student-912,female,group A,some college,standard,none,69,84,82,235,78.33,78.33,C
Student-913,female,group C,bachelor's degree,standard,completed,52,61,66,179,59.67,59.67,E
Student-914,female,group C,bachelor's degree,free/reduced,completed,47,62,66,175,58.33,58.33,E
Student-915,female,group B,associate's degree,free/reduced,none,46,61,55,162,54.00,54.00,E
Student-916,female,group E,some college,standard,none,68,70,66,204,68.00,68.00,D
Student-917,male,group E,bachelor's degree,standard,completed,100,100,100,300,100.00,100.00,A
Student-918,female,group C,high school,standard,none,44,61,52,157,52.33,52.33,E
Student-919,female,group C,associate's degree,standard,completed,57,77,80,214,71.33,71.33,C
Student-920,male,group B,some college,standard,completed,91,96,91,278,92.67,92.67,A
Student-921,male,group D,high school,free/reduced,none,69,70,67,206,68.67,68.67,D
Student-922,female,group C,high school,free/reduced,none,35,53,46,134,44.67,44.67,F
Student-923,male,group D,high school,standard,none,72,66,66,204,68.00,68.00,D
Student-924,female,group B,associate's degree,free/reduced,none,54,65,65,184,61.33,61.33,D
Student-925,male,group D,high school,free/reduced,none,74,70,69,213,71.00,71.00,C
Student-926,male,group E,some high school,standard,completed,74,64,60,198,66.00,66.00,D
Student-927,male,group E,associate's degree,free/reduced,none,64,56,52,172,57.33,57.33,E
Student-928,female,group D,high school,free/reduced,completed,65,61,71,197,65.67,65.67,D
Student-929,male,group E,associate's degree,free/reduced,completed,46,43,44,133,44.33,44.33,F
Student-930,female,group C,some high school,free/reduced,none,48,56,51,155,51.67,51.67,E
Student-931,male,group C,some college,free/reduced,completed,67,74,70,211,70.33,70.33,C
Student-932,male,group D,some college,free/reduced,none,62,57,62,181,60.33,60.33,D
Student-933,male,group D,associate's degree,free/reduced,completed,61,71,73,205,68.33,68.33,D
Student-934,male,group C,bachelor's degree,free/reduced,completed,70,75,74,219,73.00,73.00,C
Student-935,male,group C,associate's degree,standard,completed,98,87,90,275,91.67,91.67,A
Student-936,male,group D,some college,free/reduced,none,70,63,58,191,63.67,63.67,D
Student-937,male,group A,associate's degree,standard,none,67,57,53,177,59.00,59.00,E
Student-938,female,group E,high school,free/reduced,none,57,58,57,172,57.33,57.33,E
Student-939,male,group D,some college,standard,completed,85,81,85,251,83.67,83.67,B
Student-940,male,group D,some high school,standard,completed,77,68,69,214,71.33,71.33,C
Student-941,male,group C,master's degree,free/reduced,completed,72,66,72,210,70.00,70.00,C
Student-942,female,group D,master's degree,standard,none,78,91,96,265,88.33,88.33,B
Student-943,male,group C,high school,standard,none,81,66,64,211,70.33,70.33,C
Student-944,male,group A,some high school,free/reduced,completed,61,62,61,184,61.33,61.33,D
Student-945,female,group B,high school,standard,none,58,68,61,187,62.33,62.33,D
Student-946,female,group C,associate's degree,standard,none,54,61,58,173,57.67,57.67,E
Student-947,male,group B,high school,standard,none,82,82,80,244,81.33,81.33,B
Student-948,female,group D,some college,free/reduced,none,49,58,60,167,55.67,55.67,E
Student-949,male,group B,some high school,free/reduced,completed,49,50,52,151,50.33,50.33,E
Student-950,female,group E,high school,free/reduced,completed,57,75,73,205,68.33,68.33,D
Student-951,male,group E,high school,standard,none,94,73,71,238,79.33,79.33,C
Student-952,female,group D,some college,standard,completed,75,77,83,235,78.33,78.33,C
Student-953,female,group E,some high school,free/reduced,none,74,74,72,220,73.33,73.33,C
Student-954,male,group C,high school,standard,completed,58,52,54,164,54.67,54.67,E
Student-955,female,group C,some college,standard,none,62,69,69,200,66.67,66.67,D
Student-956,male,group E,associate's degree,standard,none,72,57,62,191,63.67,63.67,D
Student-957,male,group C,some college,standard,none,84,87,81,252,84.00,84.00,B
Student-958,female,group D,master's degree,standard,none,92,100,100,292,97.33,97.33,A
Student-959,female,group D,high school,standard,none,45,63,59,167,55.67,55.67,E
Student-960,male,group C,high school,standard,none,75,81,71,227,75.67,75.67,C
Student-961,female,group A,some college,standard,none,56,58,64,178,59.33,59.33,E
Student-962,female,group D,some high school,free/reduced,none,48,54,53,155,51.67,51.67,E
Student-963,female,group E,associate's degree,standard,none,100,100,100,300,100.00,100.00,A
Student-964,female,group C,some high school,free/reduced,completed,65,76,75,216,72.00,72.00,C
Student-965,male,group D,some college,standard,none,72,57,58,187,62.33,62.33,D
Student-966,female,group D,some college,standard,none,62,70,72,204,68.00,68.00,D
Student-967,male,group A,some high school,standard,completed,66,68,64,198,66.00,66.00,D
Student-968,male,group C,some college,standard,none,63,63,60,186,62.00,62.00,D
Student-969,female,group E,associate's degree,standard,none,68,76,67,211,70.33,70.33,C
Student-970,female,group B,bachelor's degree,standard,none,75,84,80,239,79.67,79.67,C
Student-971,female,group D,bachelor's degree,standard,none,89,100,100,289,96.33,96.33,A
Student-972,male,group C,some high school,standard,completed,78,72,69,219,73.00,73.00,C
Student-973,female,group A,high school,free/reduced,completed,53,50,60,163,54.33,54.33,E
Student-974,female,group D,some college,free/reduced,none,49,65,61,175,58.33,58.33,E
Student-975,female,group A,some college,standard,none,54,63,67,184,61.33,61.33,D
Student-976,female,group C,some college,standard,completed,64,82,77,223,74.33,74.33,C
Student-977,male,group B,some college,free/reduced,completed,60,62,60,182,60.67,60.67,D
Student-978,male,group C,associate's degree,standard,none,62,65,58,185,61.67,61.67,D
Student-979,male,group D,high school,standard,completed,55,41,48,144,48.00,48.00,F
Student-980,female,group C,associate's degree,standard,none,91,95,94,280,93.33,93.33,A
Student-981,female,group B,high school,free/reduced,none,8,24,23,55,18.33,18.33,F
Student-982,male,group D,some high school,standard,none,81,78,78,237,79.00,79.00,C
Student-983,male,group B,some high school,standard,completed,79,85,86,250,83.33,83.33,B
Student-984,female,group A,some college,standard,completed,78,87,91,256,85.33,85.33,B
Student-985,female,group C,some high school,standard,none,74,75,82,231,77.00,77.00,C
Student-986,male,group A,high school,standard,none,57,51,54,162,54.00,54.00,E
Student-987,female,group C,associate's degree,standard,none,40,59,51,150,50.00,50.00,E
Student-988,male,group E,some high school,standard,completed,81,75,76,232,77.33,77.33,C
Student-989,female,group A,some high school,free/reduced,none,44,45,45,134,44.67,44.67,F
Student-990,female,group D,some college,free/reduced,completed,67,86,83,236,78.67,78.67,C
Student-991,male,group E,high school,free/reduced,completed,86,81,75,242,80.67,80.67,B
Student-992,female,group B,some high school,standard,completed,65,82,78,225,75.00,75.00,C
Student-993,female,group D,associate's degree,free/reduced,none,55,76,76,207,69.00,69.00,D
Student-994,female,group D,bachelor's degree,free/reduced,none,62,72,74,208,69.33,69.33,D
Student-995,male,group A,high school,standard,none,63,63,62,188,62.67,62.67,D
Student-996,female,group E,master's degree,standard,completed,88,99,95,282,94.00,94.00,A
Student-997,male,group C,high school,free/reduced,none,62,55,55,172,57.33,57.33,E
Student-998,female,group C,high school,free/reduced,completed,59,71,65,195,65.00,65.00,D
Student-999,female,group D,some college,standard,completed,68,78,77,223,74.33,74.33,C
Student-1000,female,group D,some college,free/reduced,none,77,86,86,249,83.00,83.00,B
